artifact_id,sdc_kind,unit_label,value,timestamp
Boiler-07,temperature,C,100.0,2024-03-17T19:03:00Z
Boiler-07,pressure,Pa,101352.93221,2024-03-17T19:04:00Z
Boiler-07,temperature,C,100.0,2024-03-17T23:03:00Z
Boiler-07,pressure,Pa,101325.0,2024-03-17T23:04:00Z
Boiler-09,pressure,Pa,94458.174916,2024-03-18T19:06:00Z
Chiller-3,temperature,C,20.0,2024-03-18T08:01:00Z
Chiller-3,temperature,C,19.5,2024-03-18T12:01:00Z
Chiller-3,temperature,C,21.111111,2024-03-19T09:01:00Z
Chiller-4,temperature,C,-14.166667,2024-03-18T12:01:00Z
Chiller-4,temperature,C,-6.944444,2024-03-18T12:06:00Z
Circuit-07,voltage,V,2.0,2024-03-18T19:05:00Z
Circuit-12,voltage,V,2.0,2024-03-18T12:01:01Z
Circuit-12,resistance,ohm,1.3,2024-03-18T12:06:00Z
Pump-A1,pressure,Pa,101325.0,2024-03-18T08:07:00Z
Pump-A2,pressure,Pa,101325.0,2024-03-19T09:07:00Z
